-0.5331605233868725,-1.1088167063915289,4.121604325062432
-0.533462839531651,-1.1088167063915289,4.102350823792131
-0.533462839531651,-1.1088167063915289,4.102350823792131
-0.533462839531651,-1.1088167063915289,4.102350823792131
-0.533462839531651,-1.1088167063915289,4.102350823792131
-0.533462839531651,-1.1088167063915289,4.102350823792131
-0.533462839531651,-1.1088167063915289,4.102350823792131
-0.5307274222835372,-1.1088167063915289,3.839230924038523
-0.5533892600615203,-1.1088167063915289,4.068377771635824
-0.5533892600615203,-1.1088167063915289,4.068377771635824
-0.5530848175384856,-1.1088167063915289,4.0876700172663645
-0.5530848175384856,-1.1088167063915289,4.0876700172663645
-0.5530848175384856,-1.1088167063915289,4.0876700172663645
-0.5533892600615203,-1.1088167063915289,5.170398571325879
-0.5533892600615203,-1.1088167063915289,5.170398571325879
-0.5476066657994358,-1.1088167063915289,4.738447954365396
-0.5476066657994358,-1.1088167063915289,4.738447954365396
-0.5476066657994358,-1.1088167063915289,3.636427171542715
-0.5533892600615203,-1.1088167063915289,4.068377771635824
-0.5533892600615203,-1.1088167063915289,4.068377771635824
-0.5533892600615203,-1.1088167063915289,4.068377771635824
-0.5533892600615203,-1.1088167063915289,4.068377771635824
-0.5533892600615203,-1.1088167063915289,2.7129192996234917
-0.5533892600615203,-1.1088167063915289,2.7129192996234917
-0.5533892600615203,-1.1088167063915289,2.7129277501783378
-0.5495831007128138,-1.1088167063915289,3.604991748476865
-0.5495831007128138,-1.1088167063915289,3.604991748476865
-0.4876463156797012,-1.2105489199629869,3.4016570447526457
-0.4913708018979686,-1.2105489199629869,2.509593063321493
-0.4913708018979686,-1.2105489199629869,2.509593063321493
-0.4913708018979686,-1.2105489199629869,2.5095846127666475
-0.4913708018979686,-1.2105489199629869,2.5095846127666475
-0.4913708018979686,-1.2105489199629869,2.5095846127666475
-0.5533892600615203,-1.1088167063915289,2.7129192996234917
-0.5533892600615203,-1.1088167063915289,2.7129192996234917
-0.5533892600615203,-1.1088167063915289,2.7129192996234917
-0.5495831007128138,-1.1088167063915289,2.427094344532666
-0.5495831007128138,-1.1088167063915289,2.427094344532666
-0.549279062297864,-1.1088167063915289,3.4985341380345383
-0.5479022708635191,-1.1088167063915289,3.3607532894370973
-0.5479022708635191,-1.1088167063915289,3.3607532894370973
-0.09906063332140563,-0.8249224065993489,3.3253986980688253
-0.09906063332140563,-0.8249224065993489,3.3253986980688253
-0.09906063332140563,-0.8249224065993489,3.3253986980688253
-0.09906063332140563,-0.8249224065993489,3.3254187702450055
-0.09156400499571939,-0.8249224065993489,3.5598682651048104
-0.09156400499571939,-0.8249224065993489,3.5598682651048104
-0.10024887946929543,-0.8249224065993489,3.4631996188424465
-0.10024887946929543,-0.8249224065993489,3.4631996188424465
-0.1005112610758298,-0.8249224065993489,3.49376055285445
-0.1005112610758298,-0.8249224065993489,3.49376055285445
-0.1005112610758298,-0.8249224065993489,3.49376055285445
-0.1005112610758298,-0.8249224065993489,3.49376055285445
-0.1005112610758298,-0.8249224065993489,3.49376055285445
-0.1005112610758298,-0.8249224065993489,3.49376055285445
-0.1005112610758298,-0.8249224065993489,3.4937543287930968
-0.1005112610758298,-0.8249224065993489,3.4937543287930968
-0.1005112610758298,-0.8249224065993489,3.4937543287930968
-0.24319970427638152,-0.8249224065993489,3.366610299844432
-0.24319970427638152,-0.8249224065993489,2.2645895001543757
-0.24319970427638152,-0.8249224065993489,2.2645895001543757
-0.24319970427638152,-0.8249224065993489,2.2645895001543757
-0.24319970427638152,-0.8249224065993489,2.2645820110399018
-0.24195729321268702,-0.8249224065993489,2.1268011624424616
-0.24195729321268702,-0.8249224065993489,2.1268011624424616
-0.5423930509100391,-1.1883784293011945,2.3119568504149077
-0.5423930509100391,-1.1883784293011945,2.3119568504149077
-0.09932291871172923,-0.8249224065993489,2.2539451913911255
-0.09932291871172923,-0.8249224065993489,2.2539451913911255
-0.09932291871172923,-0.8249224065993489,2.2539451913911255
-0.5239395851062832,-1.1883784293011945,2.2643095860672204
-0.5239395851062832,-1.1883784293011945,2.2643095860672204
-0.5050336770042193,-1.1883784293011945,2.392050483945567
-0.507289105252906,-1.1883784293011945,2.5487169057637082
-0.507289105252906,-1.1883784293011945,2.5487169057637082
-0.5027706957829935,-1.2567475550304437,2.4883108216627203
-0.5214491006548959,-1.2567475550304437,2.4240427327929877
-0.5214491006548959,-1.2567475550304437,2.4240427327929877
-0.5193948508811274,-1.2567475550304437,2.203903485098859
-0.5214491006548959,-1.2567475550304437,2.4240427327929877
-0.5375529569721377,-1.2567475550304437,2.2506189450526484
-0.5375529569721377,-1.2567475550304437,2.2506189450526484
-0.5406681203605773,-1.2567475550304437,2.480787500152283
-0.5208231420422411,-1.2567475550304437,2.5350262647491353
-0.5208231420422411,-1.2567475550304437,2.5350262647491353
-0.5208231420422411,-1.2567475550304437,2.5350262647491353
-0.5208231420422411,-1.2567475550304437,2.5350262647491353
-0.5200355113307751,-1.2567475550304437,2.8370608177609333
-0.5200355113307751,-1.2567475550304437,2.8370608177609333
-0.5248458840811966,-1.1883784293011945,2.8984062291050408
-0.5200355113307751,-1.2567475550304437,2.8370608177609333
-0.5200355113307751,-1.2567475550304437,2.8370608177609333
-0.5200355113307751,-1.2567475550304437,2.8370608177609333
-0.5200355113307751,-1.2567475550304437,2.8370608177609333
-0.5200355113307751,-1.2567475550304437,2.8370608177609333
-0.5200355113307751,-1.2567475550304437,2.8370608177609333
-0.5171007340941246,-1.2567475550304437,2.6194854616600467
-0.5171007340941246,-1.2567475550304437,2.6194854616600467
-0.5163714104063323,-1.2567475550304437,3.0567231235612145
-0.5178273396739649,-1.2567475550304437,2.8155975048321618
-0.829419920243292,-1.0271172814348948,2.5082206662267477
-0.829419920243292,-1.0271172814348948,2.5082206662267477
-0.8175911233559029,-1.0069911433857055,2.255823289253994
-0.8613232673277087,-0.9517749529585471,2.6952697001690096
-0.8613232673277087,-0.9517749529585471,2.6952697001690096
-0.8613232673277087,-0.9517749529585471,2.6952697001690096
-0.8561182204918734,-0.9517749529585471,2.6943536836380586
-0.8561182204918734,-0.9517749529585471,2.6943536836380586
-0.8561182204918734,-0.9517749529585471,2.6943536836380586
-0.8561182204918734,-0.9517749529585471,2.6943536836380586
-0.8561182204918734,-0.9517749529585471,2.6943536836380586
-0.8561182204918734,-0.9517749529585471,2.6943536836380586
-0.8561182204918734,-0.9517749529585471,2.6943536836380586
-0.8561182204918734,-0.9517749529585471,2.6943536836380586
-0.8561182204918734,-0.9517749529585471,2.6943536836380586
-0.8561182204918734,-0.9517749529585471,2.6943536836380586
-0.8561182204918734,-0.9517749529585471,2.6943536836380586
-0.8561182204918734,-0.9517749529585471,2.6943536836380586
-0.8561182204918734,-0.9517749529585471,2.6943536836380586
-0.8561182204918734,-0.9517749529585471,2.6943536836380586
-0.8561182204918734,-0.9517749529585471,2.6943536836380586
-0.8561182204918734,-0.9517749529585471,2.6943536836380586
-0.8561182204918734,-0.9517749529585471,2.6943536836380586
-0.8561182204918734,-0.9517749529585471,2.6943536836380586
-0.7619619026627957,-1.0271172814348948,2.5723144645112095
-0.7619619026627957,-1.0271172814348948,2.5723144645112095
-0.7980951837742534,-1.0271172814348948,2.5106203033228094
-0.7980951837742534,-1.0271172814348948,2.5106203033228094
-0.7980951837742534,-1.0271172814348948,2.5106203033228094
-0.8185691563266912,-0.9504307211036847,2.2799253680533735
-0.8185691563266912,-0.9504307211036847,2.2799253680533735
-0.8185691563266912,-0.9504307211036847,2.2799253680533735
-0.8185691563266912,-0.9504307211036847,2.2799253680533735
-0.8185691563266912,-0.9504307211036847,2.2799253680533735
-0.8185691563266912,-0.9504307211036847,2.2799253680533735
-0.8185691563266912,-0.9504307211036847,2.2799253680533735
-0.8185691563266912,-0.9504307211036847,2.2799253680533735
-0.8770671884224037,-0.9504307211036847,2.4636587483686214
-0.8828373852257414,-0.9504307211036847,2.3862277311767386
-0.8242071712997917,-0.9504307211036847,2.2024943508614894
-0.7877095867498232,-0.9504307211036847,2.26418851204989
-0.8242071712997917,-0.9504307211036847,2.2024943508614894
-0.8828373852257414,-0.9504307211036847,2.3862277311767386
-0.8828373852257414,-0.9504307211036847,2.3862277311767386
-0.8828373852257414,-0.9504307211036847,2.3862277311767386
-0.8828373852257414,-0.9504307211036847,2.3862277311767386
-0.8828373852257414,-0.9504307211036847,2.3862277311767386
-0.8828373852257414,-0.9504307211036847,2.3862277311767386
-0.8746090229961853,-0.9517749529585471,2.467551873444135
-0.8746090229961853,-0.9517749529585471,2.467551873444135
-0.8746090229961853,-0.9517749529585471,2.467551873444135
-0.8746090229961853,-0.9517749529585471,2.467551873444135
-0.8746090229961853,-0.9517749529585471,2.467551873444135
-0.8746090229961853,-0.9517749529585471,2.467551873444135
-0.8746090229961853,-0.9517749529585471,2.467551873444135
-0.8690636546123516,-0.9517749529585471,2.472804812552688
-0.8830629015911523,-0.9607271637141929,2.5231540448248895
-0.8830629015911523,-0.9607271637141929,2.5231540448248895
-0.8830629015911523,-0.9607271637141929,2.5231540448248895
-0.8830629015911523,-0.9607271637141929,2.5231540448248895
-0.8830629015911523,-0.9607271637141929,2.5231540448248895
-0.8232985487033909,-0.9607271637141929,2.338427867687955
-0.8232985487033909,-0.9607271637141929,2.338427867687955
-0.8105838747318055,-1.0271172814348948,2.559967411114983
-0.7736515035581889,-1.0271172814348948,2.619180786266477
-0.7820074869695963,-1.0168208388243865,2.6176399009634403
-0.960562783783412,-0.35199550221715015,2.299180033172545
-0.7939317832568996,-0.9504307211036847,2.388503764149229
-0.7939317832568996,-0.9504307211036847,2.388503764149229
-0.7939317832568996,-0.9504307211036847,2.388503764149229
-0.6388288462296642,-0.9504307211036847,2.535194432477303
-0.6388288462296642,-0.9504307211036847,2.535194432477303
-0.6388288462296642,-0.9504307211036847,2.535194432477303
-0.960562783783412,-0.35199550221715015,2.299180033172545
-0.7939317832568996,-0.9504307211036847,2.388503764149229
-0.7939317832568996,-0.9504307211036847,2.388503764149229
-0.7820074869695963,-1.0168208388243865,2.6176399009634403
-0.78726304250523,-1.0168208388243865,2.5413116558778617
-0.78726304250523,-1.0168208388243865,2.5413116558778617
-0.7786913952683857,-1.0271172814348948,2.620106130455772
-0.7786913952683857,-1.0271172814348948,2.620106130455772
-0.7786913952683857,-1.0271172814348948,2.620106130455772
-0.78726304250523,-1.0168208388243865,2.5413116558778617
-0.78726304250523,-1.0168208388243865,2.5413116558778617
-0.78726304250523,-1.0168208388243865,2.5413116558778617
-0.78726304250523,-1.0168208388243865,2.5413116558778617
-0.7786913952683857,-1.0271172814348948,2.620106130455772
-0.7786913952683857,-1.0271172814348948,2.620106130455772
-0.7786913952683857,-1.0271172814348948,2.620106130455772
-0.7786913952683857,-1.0271172814348948,2.620106130455772
-0.8425574307851579,-1.0271172814348948,2.569155441327903
-0.8425574307851579,-1.0271172814348948,2.569155441327903
-0.8425574307851579,-1.0271172814348948,2.569155441327903
-0.829674758498909,-1.0069911433857055,2.317405164327408
-0.829674758498909,-1.0069911433857055,2.317405164327408
-0.829674758498909,-1.0069911433857055,2.317405164327408
-0.8645095393066542,-0.9922886074731485,2.4860859811731784
-0.8645095393066542,-0.9922886074731485,2.4860859811731784
-0.8645095393066542,-0.9922886074731485,2.4860859811731784
-0.8645095393066542,-0.9922886074731485,2.4860859811731784
-0.771735636749436,-0.5408507428818744,2.8187592267954593
-0.6600045717147228,-0.5408507428818744,2.998173698889545
-0.771735636749436,-0.5408507428818744,2.8187592267954593
-0.771735636749436,-0.5408507428818744,2.8187395594362776
-0.771735636749436,-0.5408507428818744,2.8187395594362776
-0.771735636749436,-0.5408507428818744,2.8187395594362776
-0.6584974939094909,-0.7179346198731166,3.911273624570574
-0.6584974939094909,-0.7179346198731166,3.911280810072299
-0.6584974939094909,-0.7179346198731166,3.911280810072299
-0.6584974939094909,-0.7179346198731166,3.911280810072299
-0.6584974939094909,-0.7179346198731166,3.911300477431481
-0.6584974939094909,-0.7179346198731166,3.911300477431481
-0.6584974939094909,-0.7179346198731166,3.911300477431481
-0.6530338467642017,-0.7179346198731166,3.6714360491941846
-0.6530338467642017,-0.7179346198731166,3.6714360491941846
-0.6596744971931626,-0.694438567243335,3.6738465151449597
-0.6630068975420835,-0.694438567243335,3.6009583711787134
-0.6658866294846018,-0.694438567243335,3.639000036579427
-0.7815636079140391,-0.5173546902520928,3.6997879305795918
-0.7725008202189503,-0.5408507428818744,3.6973774646288167
-0.7695033773642818,-0.5408507428818744,3.6593357992281033
-0.7695033773642818,-0.5408507428818744,3.6593357992281033
-0.7695033773642818,-0.5408507428818744,3.6593357992281033
-0.6578640063783504,-0.5408507428818744,3.838750254454814
-0.6578640063783504,-0.5408507428818744,3.838750254454814
-0.6545378985696073,-0.5408507428818744,3.91163839842106
-0.7660350908610122,-0.5408507428818744,3.7322422948982856
-0.7660350908610122,-0.5408507428818744,3.7322422948982856
-0.6530338467642017,-0.7179346198731166,3.671454417765496
-0.6530338467642017,-0.7179346198731166,3.671454417765496
-0.6530338467642017,-0.7179346198731166,2.5487377201043855
-0.6530338467642017,-0.7179346198731166,2.5487377201043855
-0.6530338467642017,-0.7179346198731166,2.5487377201043855
-0.6530338467642017,-0.7179346198731166,2.5487377201043855
-0.6530338467642017,-0.7179346198731166,2.5487377201043855
-0.6530338467642017,-0.7179346198731166,2.5487377201043855
-0.6530338467642017,-0.7179346198731166,3.671454417765496
-0.6530338467642017,-0.7179346198731166,3.671454417765496
-0.6563581168433202,-0.7179346198731166,3.5985662737992503
-0.6563581168433202,-0.7179346198731166,3.5985662737992503
-0.6563581168433202,-0.7179346198731166,3.5985662737992503
-0.6563581168433202,-0.7179346198731166,3.5985662737992503
-0.6563581168433202,-0.7179346198731166,3.5985662737992503
-0.6563581168433202,-0.7179346198731166,3.5985479052279388
-0.6562464194443377,-0.7179346198731166,3.5710293902362698
-0.6562464194443377,-0.7179346198731166,3.5710293902362698
-0.6562464194443377,-0.7179346198731166,3.5710293902362698
-0.6628034772294564,-0.7179346198731166,3.8058166374119047
-0.6628034772294564,-0.7179346198731166,2.683099956618169
-0.6628034772294564,-0.7179346198731166,2.683099956618169
-0.6628034772294564,-0.7179346198731166,2.683099956618169
-0.7585234624280797,-0.7179346198731166,2.994999663742541
-0.7539445281508366,-0.7179346198731166,3.0729577864013473
-0.7540603869009311,-0.7179346198731166,3.1004763013930163
-0.7540603869009311,-0.7179346198731166,3.1004763013930163
-0.7540603869009311,-0.7179346198731166,3.1004763013930163
-0.7540603869009311,-0.7179346198731166,3.1004763013930163
-0.7539445281508366,-0.7179346198731166,3.0729577864013473
-0.7539445281508366,-0.7179346198731166,3.0729577864013473
-0.7626002298693338,-0.7179346198731166,3.0304199198014605
-0.7626002298693338,-0.7179346198731166,3.03042708843581
-0.7627164686734608,-0.7179346198731166,3.0579456034274792
-0.7627164686734608,-0.7179346198731166,3.0579259529356717
-0.7627164686734608,-0.7179346198731166,3.0579259529356717
-0.7627164686734608,-0.7179346198731166,3.0579259529356717
-0.7627164686734608,-0.7179346198731166,3.0579259529356717
-0.7710029118185963,-0.694438567243335,2.8434703021671033
-0.7627164686734608,-0.7179346198731166,3.0579259529356717
-0.7627164686734608,-0.7179346198731166,3.0579259529356717
-0.7515762190437756,-0.7179346198731166,2.981374113927868
-0.7631621806478311,-0.6809495739775288,3.0329619850115286
-0.7631621806478311,-0.6809495739775288,3.0329619850115286
-0.762927393850521,-0.6809495739775288,2.9517520854746113
-0.762927393850521,-0.6809495739775288,2.9517520854746113
-0.7703159809932313,-0.6574535213477471,2.9787969139757964
-0.7697596588630586,-0.6574535213477471,3.2709704285145045
-0.8823441087676194,-0.480369644356505,3.303222434936025
-0.8823441087676194,-0.480369644356505,3.303222434936025
-0.8823441087676194,-0.480369644356505,3.303222434936025
-0.8829255337071593,-0.480369644356505,3.0110489203973163
-0.8829255337071593,-0.480369644356505,3.0110489203973163
-0.8730084903855161,-0.5038656969862866,2.991237227088075
-0.8730084903855161,-0.5038656969862866,2.991237227088075
-0.8730084903855161,-0.5038656969862866,2.991237227088075
-0.8719615521754466,-0.5038656969862866,3.1818172435658547
-0.8719615521754466,-0.5038656969862866,3.1818172435658547
-0.8730084903855161,-0.5038656969862866,2.991237227088075
-0.8730084903855161,-0.5038656969862866,2.991237227088075
-0.8719615521754466,-0.5038656969862866,3.1818172435658547
-0.8719615521754466,-0.5038656969862866,3.181810193003129
-0.8719615521754466,-0.5038656969862866,3.181810193003129
-0.9220911841577635,-0.7623036060270109,2.9081929499241372
-0.921524884406543,-0.7623036060270109,3.2193824899613435
-0.921524884406543,-0.7623036060270109,3.2193824899613435
-0.921524884406543,-0.7623036060270109,3.2193824899613435
-0.921524884406543,-0.7623036060270109,3.2193824899613435
-0.8714065770722237,-0.5038656969862866,3.492974313906298
-0.8714065770722237,-0.5038656969862866,3.492974313906298
-0.8714065770722237,-0.5038656969862866,3.492974313906298
-0.8563114563185998,-0.5408507428818744,3.441124964776294
0.4705709938696505,-0.6123003999451831,2.294765368863838
0.46658309653139424,-0.6123003999451831,2.361586199991978
0.45697704805673345,-0.47674768630312586,2.33187964912289
0.46097492301603715,-0.47674768630312586,2.2650588011273745
0.5323723016673103,-0.47674768630312586,2.1294244440628733
0.28416386734516713,-0.34592778898339643,2.333779742042682
0.28416386734516713,-0.34592778898339643,2.3337733999097043
0.28416386734516713,-0.34592778898339643,2.3337733999097043
0.28416386734516713,-0.34592778898339643,2.3337733999097043
0.28416386734516713,-0.34592778898339643,2.3337733999097043
0.28416386734516713,-0.34592778898339643,2.3337733999097043
0.28416386734516713,-0.34592778898339643,2.3337733999097043
0.28416386734516713,-0.34592778898339643,2.3337733999097043
0.28416386734516713,-0.34592778898339643,2.3337733999097043
0.28416386734516713,-0.34592778898339643,2.3337733999097043
0.28416386734516713,-0.34592778898339643,2.3337733999097043
0.21358075205247767,-0.34592778898339643,2.4626491516414943
0.21358075205247767,-0.34592778898339643,2.4626491516414943
0.3790310209171549,-0.5230116659746386,2.4584843943599224
0.20798228675277877,-0.33466984719892423,3.544202876168954
0.37570754462177414,-0.5117537241901664,3.5147713647156626
0.37570754462177414,-0.5117537241901664,3.5147713647156626
0.37570754462177414,-0.5117537241901664,3.5147713647156626
0.37570754462177414,-0.5117537241901664,3.5147777068486414
0.3716187549649953,-0.5117537241901664,3.5815985379767805
0.3716187549649953,-0.5117537241901664,3.8876607333792497
0.3716187549649953,-0.5117537241901664,3.8876607333792497
0.3716187549649953,-0.5117537241901664,3.5815985379767805
0.3716187549649953,-0.5117537241901664,3.5815985379767805
0.3716187549649953,-0.5117537241901664,3.5815985379767805
0.3716187549649953,-0.5117537241901664,3.5815985379767805
0.3716187549649953,-0.5117537241901664,3.5815985379767805
0.45697704805673345,-0.47674768630312586,2.33187964912289
0.45697704805673345,-0.47674768630312586,2.33187964912289
0.5293249370317287,-0.47674768630312586,2.1573751855374197
0.5302766356256526,-0.47674768630312586,2.5281442070992273
0.5302766356256526,-0.47674768630312586,2.5281442070992273
0.5302766356256526,-0.47674768630312586,2.5281442070992273
0.5397029522187571,-0.6123003999451831,2.5578507579683154
0.5397029522187571,-0.6123003999451831,2.5578507579683154
0.5397029522187571,-0.6123003999451831,2.5578507579683154
1.1533084136920457,-0.5210326579660912,2.63658469553756
1.0810375746585656,-0.37060004448618256,2.8135870824128766
1.0802034522740966,-0.37060004448618256,2.44281806085107
1.0802034522740966,-0.37060004448618256,2.44281806085107
1.0802034522740966,-0.37060004448618256,2.44281806085107
1.0802034522740966,-0.37060004448618256,2.44281806085107
0.46658309653139424,-0.6123003999451831,2.361586199991978
0.45697704805673345,-0.47674768630312586,2.33187964912289
0.39276995974876144,-0.4876228954066998,2.562159360223389
0.3749458538007084,-0.5230116659746386,2.52531156762104
0.3749458538007084,-0.5230116659746386,2.52531156762104
0.3749458538007084,-0.5230116659746386,2.52531156762104
0.37593669314913813,-0.5230116659746386,2.8960805891828474
0.37593669314913813,-0.5230116659746386,2.8960805891828474
0.37593669314913813,-0.5230116659746386,2.8960805891828474
0.3749458538007084,-0.5230116659746386,2.52531156762104
0.38134989894597704,-0.6181627444233329,2.48637684218667
0.38134989894597704,-0.6181627444233329,2.48637684218667
0.38134989894597704,-0.6181627444233329,2.48637684218667
0.38134989894597704,-0.6181627444233329,2.48637684218667
0.38134989894597704,-0.6181627444233329,2.48637684218667
0.3823390496999098,-0.6181627444233329,2.857145863748478
0.45787056951886757,-0.7428402489618163,2.460393393253684
0.45787056951886757,-0.7428402489618163,2.460393393253684
0.45787056951886757,-0.7428402489618163,2.460393393253684
0.45690090254759796,-0.7428402489618163,2.0896243716918765
0.45690090254759796,-0.7428402489618163,2.0896243716918765
0.45690090254759796,-0.7428402489618163,2.0896243716918765
0.45690090254759796,-0.7428402489618163,2.0896243716918765
0.45690090254759796,-0.7428402489618163,2.0896243716918765
0.4552102538340031,-0.7428402489618163,2.0269448353267654
0.4421518618821824,-0.607287535319759,2.0148914260608968
0.43652641274619647,-0.607287535319759,2.2997933477927948
0.43652641274619647,-0.607287535319759,2.2997933477927948
0.43771185419154496,-0.607287535319759,2.6788681009190793
0.5087799617266171,-0.607287535319759,2.453184783224906
0.5087799617266171,-0.607287535319759,2.453184783224906
0.5087799617266171,-0.607287535319759,2.453184783224906
0.5089686609590095,-0.607287535319759,2.5059173418416014
0.5089686609590095,-0.607287535319759,2.5059173418416014
0.446198431865713,-0.6181627444233329,2.9185113135340166
0.4490963582936715,-0.6181627444233329,2.7822493889174393
0.4500647840758231,-0.6181627444233329,3.107393628723928
0.4500647840758231,-0.6181627444233329,3.107393628723928
0.5127726361997333,-0.607287535319759,2.694799657031513
0.5127726361997333,-0.607287535319759,2.694799657031513
0.5118692958732985,-0.607287535319759,2.1575799723365856
0.5021379354058431,-0.5121364568710647,2.2629509021483023
0.5021379354058431,-0.5121364568710647,2.2629509021483023
0.4309458965806002,-0.5121364568710647,2.4886342198424756
0.42995504279973873,-0.5121364568710647,2.311210199195744
0.36180105969169346,-0.5117537241901664,2.576990556264135
0.36180105969169346,-0.5117537241901664,2.5769990068189808
0.36180105969169346,-0.5117537241901664,2.5769990068189808
0.36180105969169346,-0.5117537241901664,2.5769926646860033
0.42643998078564466,-0.5008785150865924,2.182890126264029
0.42643998078564466,-0.5008785150865924,2.182896451529632
0.42643998078564466,-0.5008785150865924,2.182896451529632
0.42643998078564466,-0.5008785150865924,2.182896451529632
-1.1136386184407232,-0.6846368766349636,2.547005272024137
-1.1136386184407232,-0.6846368766349636,2.547005272024137
-1.1136386184407232,-0.6846368766349636,2.547005272024137
-1.1136386184407232,-0.6846368766349636,2.547005272024137
-1.1136386184407232,-0.6846368766349636,2.547005272024137
-1.1136386184407232,-0.6846368766349636,2.547005272024137
-1.1136386184407232,-0.6846368766349636,2.547005272024137
-1.1136386184407232,-0.6846368766349636,2.547005272024137
-1.1136386184407232,-0.6846368766349636,2.547005272024137
-1.1136386184407232,-0.6846368766349636,2.547005272024137
-1.1136386184407232,-0.6846368766349636,2.547005272024137
-1.1136386184407232,-0.6846368766349636,2.547005272024137
-1.1136386184407232,-0.6846368766349636,2.547005272024137
-1.0772895051254598,-0.6846368766349636,2.5182617807947123
-1.0640300405365528,-0.6846368766349636,2.553834602259979
-1.0640300405365528,-0.6846368766349636,2.553834602259979
-1.1080280539525305,-0.6846368766349636,2.5684378357283895
-1.1150493790082503,-0.6846368766349636,2.58359533113738
-1.1150493790082503,-0.6846368766349636,2.58359533113738
-1.1220733451989535,-0.6846368766349636,1.938766955731987
-1.1220733451989535,-0.6846368766349636,1.938766955731987
-1.1206581923614087,-0.6846368766349636,1.9021769134861195
-1.1206581923614087,-0.6846368766349636,1.9021769134861195
-1.1206581923614087,-0.6846368766349636,1.9021769134861195
-1.1206581923614087,-0.6846368766349636,1.9021769134861195
-1.1206581923614087,-0.6846368766349636,1.9021769134861195
-1.0876438174489866,-0.6846368766349636,1.8599516162112744
-1.0876438174489866,-0.6846368766349636,1.8599516162112744
-1.0876438174489866,-0.6846368766349636,1.8599516162112744
-1.0876438174489866,-0.6846368766349636,1.8599516162112744
-1.1136386184407232,-0.6846368766349636,2.546842130773703
-1.1136386184407232,-0.6846368766349636,2.546842130773703
-1.1136386184407232,-0.6846368766349636,2.546842130773703
-1.1150493790082503,-0.6846368766349636,2.583432189886945
-1.117327923201554,-0.6846368766349636,2.716843072719274
-1.0809204258896483,-0.6846368766349636,2.6880995814898494
-1.0797864023872892,-0.5490841629929063,2.7637284714756003
-1.0797864023872892,-0.5490841629929063,2.7637284714756003
-1.0797864023872892,-0.5490841629929063,2.7637284714756003
-1.081306940840396,-0.6846368766349636,2.029952558156846
-1.081306940840396,-0.6846368766349636,2.029952558156846
-1.0795878025068173,-0.5490841629929063,2.0925862995989912
-1.0797864023872892,-0.5490841629929063,2.7637284714756003
-1.0908856350463596,-0.453933084544212,3.0687027380617136
-1.0908856350463596,-0.453933084544212,3.0687027380617136
-1.1310649569521893,-0.5894857981862693,2.978183700559796
-1.1310649569521893,-0.5894857981862693,2.978183700559796
-1.1310649569521893,-0.5894857981862693,2.978183700559796
-1.117327923201554,-0.6846368766349636,2.716843072719274
-1.117327923201554,-0.6846368766349636,2.716843072719274
-1.117327923201554,-0.6846368766349636,2.716843072719274
-1.117327923201554,-0.6846368766349636,2.716843072719274
-1.117327923201554,-0.6846368766349636,2.716843072719274
-1.117327923201554,-0.6846368766349636,2.716843072719274
-1.117327923201554,-0.6846368766349636,2.716843072719274
-1.117327923201554,-0.6846368766349636,2.716843072719274
-1.117327923201554,-0.6846368766349636,2.716843072719274
-1.117327923201554,-0.6846368766349636,2.716843072719274
-1.117327923201554,-0.6846368766349636,2.716843072719274
-1.1310649569521893,-0.5894857981862693,2.978183700559796
-1.117327923201554,-0.6846368766349636,2.716843072719274
-1.117327923201554,-0.6846368766349636,2.716843072719274
-1.1150328538740653,-0.6846368766349636,2.6480601273336815
-1.117327923201554,-0.6846368766349636,2.716843072719274
-1.117327923201554,-0.6846368766349636,2.716843072719274
-1.1150328538740653,-0.6846368766349636,2.6480601273336815
-1.1150328538740653,-0.6846368766349636,2.6480601273336815
-1.128755868922804,-0.5894857981862693,2.909400755174203
-1.0911484736798946,-0.5894857981862693,2.724651469733599
-1.0911484736798946,-0.5894857981862693,2.724651469733599
-1.0911484736798946,-0.5894857981862693,2.724651469733599
-1.091127214708144,-0.5894857981862693,2.668784429964137
-1.091127214708144,-0.5894857981862693,2.668784429964137
-1.091127214708144,-0.5894857981862693,2.668784429964137
-1.091127214708144,-0.5894857981862693,2.668784429964137
-1.0911484736798946,-0.5894857981862693,2.724651469733599
-1.0911484736798946,-0.5894857981862693,2.724651469733599
-1.0911484736798946,-0.5894857981862693,2.724651469733599
-1.0911484736798946,-0.5894857981862693,2.724651469733599
-1.077649815591228,-0.6846368766349636,2.4633108418930774
-1.1150328538740653,-0.6846368766349636,2.6480601273336815
-1.1150328538740653,-0.6846368766349636,2.6480601273336815
-1.1150328538740653,-0.6846368766349636,2.6480601273336815
-1.1150328538740653,-0.6846368766349636,2.6480601273336815
-1.117327923201554,-0.6846368766349636,2.716843072719274
-1.117327923201554,-0.6846368766349636,2.716843072719274
-1.117327923201554,-0.6846368766349636,2.716843072719274
-1.1310649569521893,-0.5894857981862693,2.978183700559796
-1.1310649569521893,-0.5894857981862693,2.978183700559796
-1.1310649569521893,-0.5894857981862693,2.978183700559796
-1.1310649569521893,-0.5894857981862693,2.978183700559796
-1.1310649569521893,-0.5894857981862693,2.978183700559796
-1.1310649569521893,-0.5894857981862693,2.978183700559796
-1.1310649569521893,-0.5894857981862693,2.978183700559796
-1.1310649569521893,-0.5894857981862693,2.978183700559796
-1.1310649569521893,-0.5894857981862693,2.978183700559796
-1.1310649569521893,-0.5894857981862693,2.978183700559796
-1.1310649569521893,-0.5894857981862693,2.978183700559796
-1.1310649569521893,-0.5894857981862693,2.978183700559796
-1.1310649569521893,-0.5894857981862693,2.978183700559796
0.1730913060563731,-0.5353991359149326,2.4986616549693625
0.1730913060563731,-0.5353991359149326,2.4986616549693625
0.25720505689534967,-0.402105478584519,2.607772537224748
0.15264252290789188,-0.3998464222728753,2.5055187826391077
0.15264252290789188,-0.3998464222728753,2.5055187826391077
0.05170110525275374,-0.6104520811447475,2.4793206120231153
0.05170110525275374,-0.6104520811447475,2.4793206120231153
0.14636860537676225,-0.6104520811447475,2.562129032683244
0.14636860537676225,-0.6104520811447475,2.562129032683244
0.14636860537676225,-0.6104520811447475,2.562129032683244
0.14636860537676225,-0.6104520811447475,2.562129032683244
0.14636860537676225,-0.6104520811447475,2.562129032683244
0.16615581067139315,-0.6104520811447475,2.4714844007075114
0.07912619870278664,-0.6104520811447475,2.289084909270017
0.07912619870278664,-0.6104520811447475,2.289084909270017
0.07912619870278664,-0.6104520811447475,2.289084909270017
0.07912619870278664,-0.6104520811447475,2.289084909270017
0.07912619870278664,-0.6104520811447475,2.289084909270017
0.07912619870278664,-0.6104520811447475,2.289084909270017
0.07203133078643022,-0.6104520811447475,2.3886759800473825
0.07203133078643022,-0.6104520811447475,2.388686083604972
0.07203133078643022,-0.6104520811447475,2.388686083604972
0.07203133078643022,-0.6104520811447475,2.3886759800473825
0.07203133078643022,-0.6104520811447475,2.3886759800473825
0.07203133078643022,-0.6104520811447475,2.3886759800473825
0.07203133078643022,-0.6104520811447475,2.3886759800473825
0.07203133078643022,-0.6104520811447475,2.3886759800473825
0.16615581067139315,-0.6104520811447475,2.4714844007075114
0.16615581067139315,-0.6104520811447475,2.4714844007075114
0.16615581067139315,-0.6104520811447475,2.4714844007075114
0.16615581067139315,-0.6104520811447475,2.4714844007075114
0.16615581067139315,-0.6104520811447475,2.4714844007075114
0.07203133078643022,-0.6104520811447475,2.3886759800473825
0.07203133078643022,-0.6104520811447475,2.3886759800473825
0.07203133078643022,-0.6104520811447475,2.3886759800473825
0.05170110525275374,-0.6104520811447475,2.4793206120231153
0.05170110525275374,-0.6104520811447475,2.4793206120231153
0.047217925348382865,-0.6104520811447475,2.496048072089541
0.047217925348382865,-0.6104520811447475,2.496048072089541
0.047217925348382865,-0.6104520811447475,2.496048072089541
0.047217925348382865,-0.6104520811447475,2.496048072089541
0.047217925348382865,-0.6104520811447475,2.496048072089541
0.06757460552918713,-0.6104520811447475,2.405403440113809
0.047217925348382865,-0.6104520811447475,2.4960641635652356
0.047217925348382865,-0.6104520811447475,2.4960641635652356
0.047217925348382865,-0.6104520811447475,2.4960641635652356
0.036371712458547326,-0.5440619634240456,2.115056055055775
0.036371712458547326,-0.5440619634240456,2.115056055055775
0.028855864944776485,-0.5440619634240456,2.1545924566216845
0.028855864944776485,-0.5440619634240456,2.1545924566216845
0.028855864944776485,-0.5440619634240456,2.1545924566216845
0.03972593464405174,-0.6104520811447475,2.535594594080417
0.03972593464405174,-0.6104520811447475,2.535594594080417
0.028855864944776485,-0.5440619634240456,2.1546012782587796
0.13180832648427615,-0.33345630455217345,2.1620580242403222
0.13180832648427615,-0.33345630455217345,2.1620580242403222
0.1381272539587637,-0.33345630455217345,2.252190174763205
0.1381272539587637,-0.33345630455217345,2.252190174763205
0.15641148506954777,-0.33345630455217345,2.16648672220498
0.13004852718006207,-0.4130180274618391,2.1116262599025313
0.11162615845559938,-0.4130180274618391,2.197329712460757
0.11162615845559938,-0.4130180274618391,2.197329712460757
0.1381272539587637,-0.33345630455217345,2.252190174763205
0.13180832648427615,-0.33345630455217345,2.162066457927793
0.13180832648427615,-0.33345630455217345,2.162066457927793
0.1381272539587637,-0.33345630455217345,2.252190174763205
0.1381272539587637,-0.33345630455217345,2.252190174763205
0.1381272539587637,-0.33345630455217345,2.252190174763205
0.1381272539587637,-0.33345630455217345,2.252200801209418
0.1381272539587637,-0.33345630455217345,2.252200801209418
0.1381272539587637,-0.33345630455217345,2.252200801209418
0.1381272539587637,-0.33345630455217345,2.252200801209418
0.1381272539587637,-0.33345630455217345,2.252200801209418
0.1381272539587637,-0.33345630455217345,2.252200801209418
0.13791730537624125,-0.33345630455217345,2.283093280343274
0.13791730537624125,-0.33345630455217345,2.283093280343274
0.1391041660106975,-0.33345630455217345,2.1225409695534703
0.1391041660106975,-0.33345630455217345,2.1225409695534703
0.1391041660106975,-0.33345630455217345,2.1225409695534703
0.1391041660106975,-0.33345630455217345,2.1225409695534703
0.1391041660106975,-0.33345630455217345,2.1225409695534703
0.1391041660106975,-0.33345630455217345,2.1225409695534703
0.22804601743691427,-0.20016264722175983,2.2210775257842377
0.22804601743691427,-0.20016264722175983,2.2210775257842377
0.22804601743691427,-0.20016264722175983,2.2210775257842377
0.22624621624310873,-0.20016264722175983,2.5184424135129615
0.32124400256434094,-0.20016264722175983,2.599197703560454
0.3382200588314292,-0.20016264722175983,2.2281479076753694
0.3382200588314292,-0.20016264722175983,3.7809261100382567
0.26057219129632786,-0.1800365091725707,3.5764441886747615
0.26057219129632786,-0.1800365091725707,3.5764441886747615
0.26420347287130574,-0.1800365091725707,3.680719531881899
0.26420347287130574,-0.1800365091725707,2.127929927173551
0.2633651121627566,-0.1800365091725707,2.2956349663789513
0.2633651121627566,-0.1800365091725707,2.2956349663789513
0.26420347287130574,-0.1800365091725707,2.127929927173551
0.26420347287130574,-0.1800365091725707,2.127929927173551
0.26420347287130574,-0.1800365091725707,2.127929927173551
0.26420347287130574,-0.1800365091725707,2.127929927173551
0.26420347287130574,-0.1800365091725707,3.680719531881899
0.7672508651883779,-0.03737056863186675,2.153972142040834
0.7672508651883779,-0.03737056863186675,2.153972142040834
0.767103933413043,-0.03737056863186675,2.188582527959309
0.767103933413043,-0.03737056863186675,2.188582527959309
0.767103933413043,-0.03737056863186675,2.188582527959309
0.767103933413043,-0.03737056863186675,2.188582527959309
0.7713711848973979,-0.03737056863186675,2.3792944810438823
0.771833200708669,-0.03737056863186675,2.2388951917626376
0.771833200708669,-0.03737056863186675,2.2388951917626376
0.771833200708669,-0.03737056863186675,2.2388951917626376
0.771833200708669,-0.03737056863186675,2.2388951917626376
0.771833200708669,-0.03737056863186675,2.2388951917626376
0.7713711848973979,-0.03737056863186675,2.3792944810438823
0.7713711848973979,-0.03737056863186675,2.3792944810438823
0.7713711848973979,-0.03737056863186675,2.3792944810438823
0.772007987076997,-0.03737056863186675,2.593427323990819
0.772007987076997,-0.03737056863186675,2.593427323990819
0.7711091400476012,-0.03737056863186675,3.905157767427385
0.7711091400476012,-0.03737056863186675,3.905157767427385
0.7711091400476012,-0.03737056863186675,3.905157767427385
0.7687056879695878,-0.03737056863186675,3.681549963352398
0.7687056879695878,-0.03737056863186675,3.681549963352398
0.7687056879695878,-0.03737056863186675,3.681549963352398
0.7687056879695878,-0.03737056863186675,3.681549963352398
0.7687056879695878,-0.03737056863186675,3.681556727169749
0.7687056879695878,-0.03737056863186675,3.681556727169749
0.7687056879695878,-0.03737056863186675,3.681556727169749
0.7687056879695878,-0.03737056863186675,3.681556727169749
0.7687056879695878,-0.03737056863186675,3.681556727169749
0.7687056879695878,-0.03737056863186675,3.681556727169749
0.7687056879695878,-0.03737056863186675,3.681556727169749
0.7687056879695878,-0.03737056863186675,3.681556727169749
0.7687056879695878,-0.03737056863186675,3.681556727169749
0.4958691125230692,0.24724252180492723,3.740956436212222
0.5028434744463544,0.24724252180492723,3.7375071761082967
0.5028434744463544,0.24724252180492723,3.7375071761082967
0.4958691125230692,0.24724252180492723,3.740956436212222
0.4958691125230692,0.24724252180492723,3.740956436212222
0.5028434744463544,0.24724252180492723,3.7375071761082967
0.5028434744463544,0.24724252180492723,3.7375071761082967
0.5028434744463544,0.24724252180492723,3.7375071761082967
0.5028434744463544,0.24724252180492723,3.7375071761082967
0.5028434744463544,0.24724252180492723,3.7375071761082967
0.5028434744463544,0.24724252180492723,3.7375071761082967
0.5004687717720934,0.24724252180492723,3.5539504646781865
0.5019952467653992,0.24724252180492723,3.462102075622373
0.5019952467653992,0.24724252180492723,3.462102075622373
0.48143951929874373,0.28263129237286605,3.425863532602914
0.47836059574605766,0.28263129237286605,3.615282888143589
0.47854644697861404,0.28263129237286605,2.3029437011453813
0.47854644697861404,0.28263129237286605,2.3029437011453813
0.47854644697861404,0.28263129237286605,2.3029437011453813
0.47854644697861404,0.28263129237286605,2.3029437011453813
0.47854644697861404,0.28263129237286605,2.3029437011453813
0.4778202743717217,0.28263129237286605,2.386784219610811
0.4778202743717217,0.28263129237286605,2.386784219610811
0.4778202743717217,0.28263129237286605,2.386784219610811
0.4778202743717217,0.28263129237286605,2.386784219610811
0.4778202743717217,0.28263129237286605,2.386784219610811
0.4778202743717217,0.28263129237286605,2.386784219610811
0.4778202743717217,0.28263129237286605,2.386784219610811
0.4778202743717217,0.28263129237286605,2.386784219610811
0.4778202743717217,0.28263129237286605,2.386784219610811
0.4778202743717217,0.28263129237286605,2.386784219610811
0.4778202743717217,0.28263129237286605,2.386784219610811
0.4778202743717217,0.28263129237286605,2.386784219610811
0.4778202743717217,0.28263129237286605,2.386784219610811
0.4778202743717217,0.28263129237286605,2.386784219610811
0.4768528299949191,0.28263129237286605,3.6985053185216596
0.4768528299949191,0.28263129237286605,3.6985053185216596
0.4768528299949191,0.28263129237286605,3.6985053185216596
0.4768528299949191,0.28263129237286605,3.6985053185216596
0.4768528299949191,0.28263129237286605,3.6985053185216596
0.4768528299949191,0.28263129237286605,2.3557744784863615
0.4768528299949191,0.28263129237286605,2.3557744784863615
0.4768528299949191,0.28263129237286605,2.3557744784863615
0.4768528299949191,0.28263129237286605,2.3557744784863615
0.4768528299949191,0.28263129237286605,2.3557744784863615
0.4768528299949191,0.28263129237286605,2.3557744784863615
0.4768528299949191,0.28263129237286605,2.3557744784863615
0.4768528299949191,0.28263129237286605,2.3557744784863615
0.4768528299949191,0.28263129237286605,2.3557744784863615
0.4768528299949191,0.28263129237286605,2.3557744784863615
0.4768528299949191,0.28263129237286605,2.3557744784863615
0.4768528299949191,0.28263129237286605,2.3557744784863615
0.4768528299949191,0.28263129237286605,2.3557744784863615
0.4768528299949191,0.28263129237286605,2.3557744784863615
0.4768528299949191,0.28263129237286605,2.3557744784863615
0.4768528299949191,0.28263129237286605,2.3557744784863615
0.4768528299949191,0.28263129237286605,2.3557744784863615
0.4768528299949191,0.28263129237286605,2.3557744784863615
0.4768528299949191,0.28263129237286605,2.3557744784863615
0.4768528299949191,0.28263129237286605,2.3557744784863615
0.4768528299949191,0.28263129237286605,2.3557744784863615
0.4768528299949191,0.28263129237286605,2.3557744784863615
0.4768528299949191,0.28263129237286605,3.6985053185216596
0.4768528299949191,0.28263129237286605,3.6985053185216596
0.4768528299949191,0.28263129237286605,3.6985053185216596
0.4768528299949191,0.28263129237286605,2.3557744784863615
0.4778202743717217,0.28263129237286605,2.386774891952468
0.6011455707937989,0.10681696768899389,2.445893995345414
0.6011455707937989,0.10681696768899389,2.445893995345414
0.602506577958782,0.10681696768899389,2.3695697815624466
0.602506577958782,0.10681696768899389,2.369564822554213
0.602506577958782,0.10681696768899389,2.369564822554213
0.6032649829962532,0.10681696768899389,2.3912356041947653
0.6882451752448672,-0.05786076947508112,2.7341255031560276
0.6882451752448672,-0.05786076947508112,2.7341255031560276
0.6882451752448672,-0.05786076947508112,2.7341255031560276
0.6882451752448672,-0.05786076947508112,2.7341255031560276
0.6882451752448672,-0.05786076947508112,2.7341255031560276
0.6882451752448672,-0.05786076947508112,2.7341255031560276
0.6882451752448672,-0.05786076947508112,2.7341255031560276
0.6882451752448672,-0.05786076947508112,2.7341255031560276
0.6882451752448672,-0.05786076947508112,2.7341255031560276
0.6882451752448672,-0.05786076947508112,2.7341255031560276
0.6356853286455357,-0.06493665659998157,2.531564910737377
0.6356853286455357,-0.06493665659998157,2.531564910737377
0.6356853286455357,-0.06493665659998157,2.531564910737377
0.6356853286455357,-0.06493665659998157,2.531564910737377
0.6356853286455357,-0.06493665659998157,2.531564910737377
0.6356853286455357,-0.06493665659998157,2.531564910737377
0.6882451752448672,-0.05786076947508112,2.7341255031560276
0.6882451752448672,-0.05786076947508112,2.7341255031560276
0.6875026218281064,-0.05786076947508112,2.7124547215154764
0.6875026218281064,-0.05786076947508112,2.7124547215154764
0.6875026218281064,-0.05786076947508112,2.7124547215154764
0.6875026218281064,-0.05786076947508112,2.7124547215154764
0.5858371771875741,0.10681696768899389,2.7177191810411143
0.5336571825663998,0.09974108056409343,2.516023007853468
0.5336571825663998,0.09974108056409343,2.516023007853468
0.5336571825663998,0.09974108056409343,2.516023007853468
0.6353732561769942,-0.06493665659998157,3.4451538890874613
0.6340234004708298,-0.06493665659998157,3.5214830618786617
0.6340234004708298,-0.06493665659998157,3.5214830618786617
0.6340234004708298,-0.06493665659998157,3.5214830618786617
0.6340234004708298,-0.06493665659998157,3.5214830618786617
0.6340234004708298,-0.06493665659998157,3.5214830618786617
0.6380730926703969,-0.06493665659998157,3.572523940860343
0.6422356320526645,-0.06493665659998157,3.7166131876859287
0.6422356320526645,-0.06493665659998157,3.7166131876859287
0.6422356320526645,-0.06493665659998157,3.7166131876859287
0.6422356320526645,-0.06493665659998157,3.7166131876859287
0.6422356320526645,-0.06493665659998157,3.7165975347619837
0.6380730926703969,-0.06493665659998157,3.572508287936397
0.6380730926703969,-0.06493665659998157,3.572508287936397
0.6380730926703969,-0.06493665659998157,3.572508287936397
0.6380730926703969,-0.06493665659998157,3.572508287936397
0.6340234004708298,-0.06493665659998157,3.5214674089547158
0.6340234004708298,-0.06493665659998157,3.5214674089547158
0.6340234004708298,-0.06493665659998157,3.5214674089547158
0.6340234004708298,-0.06493665659998157,3.5214674089547158
0.6340234004708298,-0.06493665659998157,3.5214674089547158
0.6400409258545401,-0.06493665659998157,3.6815136310267733
0.6021816750585453,0.0014534611207202848,3.400826630149523
0.5167276853236618,0.11612390629522838,3.4249680774020153
0.5167276853236618,0.11612390629522838,3.4249680774020153
0.5167276853236618,0.11612390629522838,3.4249680774020153
0.5167276853236618,0.11612390629522838,3.4249680774020153
0.5167276853236618,0.11612390629522838,3.4249680774020153
0.5546806122223785,0.049733788574526525,2.6490320592125642
0.5529377758361083,0.049733788574526525,2.6741025952115884
0.5529377758361083,0.049733788574526525,2.6741025952115884
0.5467866975411584,0.049733788574526525,2.514056373139531
0.5485322664678118,0.049733788574526525,2.488985820273132
0.5485322664678118,0.049733788574526525,2.488985820273132
0.5444633165936756,0.049733788574526525,2.35470420981157
0.5485322664678118,0.049733788574526525,2.488985820273132
0.5444633165936756,0.049733788574526525,2.35470420981157
0.6300412424295406,-0.06493665659998157,2.4593220956690205
0.6340234004708298,-0.06493665659998157,2.5936037061305828
0.6400409258545401,-0.06493665659998157,2.75364992820264
0.6400409258545401,-0.06493665659998157,2.75364992820264
0.6400409258545401,-0.06493665659998157,2.75364992820264
0.6400409258545401,-0.06493665659998157,2.75364992820264
0.6400409258545401,-0.06493665659998157,2.75364992820264
0.6400409258545401,-0.06493665659998157,2.75364992820264
0.6406244819831466,-0.06493665659998157,2.74165457644132
0.6406244819831466,-0.06493665659998157,2.74165457644132
0.6406244819831466,-0.06493665659998157,3.669518279265453
0.6406244819831466,-0.06493665659998157,3.669518279265453
0.6406244819831466,-0.06493665659998157,2.74165457644132
0.5167276853236618,0.11612390629522838,2.366733515598647
0.8614562388524728,-0.210029682434187,2.509182275272166
0.8614562388524728,-0.210029682434187,2.509182275272166
0.8614562388524728,-0.210029682434187,2.509182275272166
0.8614562388524728,-0.210029682434187,2.509182275272166
0.8612480798914696,-0.210029682434187,2.62394711847534
0.8612480798914696,-0.210029682434187,2.62394711847534
0.8612480798914696,-0.210029682434187,2.62394711847534
0.8612480798914696,-0.210029682434187,2.62394711847534
0.5544562167758218,0.049733788574526525,2.7637969024157383
0.5544562167758218,0.049733788574526525,2.7637969024157383
0.8965203365659514,-0.2764198001548888,3.050995418450181
0.8965203365659514,-0.2764198001548888,3.050995418450181
0.5469304156950562,0.049733788574526525,3.838835923852142
0.5469304156950562,0.049733788574526525,3.838835923852142
0.5469304156950562,0.049733788574526525,3.838835923852142
0.8965203365659514,-0.2764198001548888,3.050995418450181
0.8965203365659514,-0.2764198001548888,3.050995418450181
0.07947080187216018,1.0308830184724973,2.8844951652347324
0.07947080187216018,1.0308830184724973,2.8845027049513314
0.07947080187216018,1.0308830184724973,2.8845027049513314
0.07947080187216018,1.0308830184724973,2.8845027049513314
0.07947080187216018,1.0308830184724973,2.8845027049513314
0.07826916242774329,1.0308830184724973,2.7290999699964376
0.05499471122552759,1.0402926414565339,2.651641897535148
0.05499471122552759,1.0402926414565339,2.651641897535148
0.05499471122552759,1.0402926414565339,2.651641897535148
0.05499471122552759,1.0402926414565339,2.651641897535148
0.05499471122552759,1.0402926414565339,2.6516687672634296
0.05499471122552759,1.0402926414565339,2.6516687672634296
0.056204495372178705,1.0402926414565339,2.8070715022183235
0.056204495372178705,1.0402926414565339,2.8070715022183235
0.056204495372178705,1.0402926414565339,2.8070715022183235
0.056204495372178705,1.0402926414565339,2.8070715022183235
0.056204495372178705,1.0402926414565339,2.8070715022183235
0.056204495372178705,1.0402926414565339,2.8070715022183235
0.07947080187216018,1.0308830184724973,2.884529574679614
0.07947080187216018,1.0308830184724973,2.884529574679614
0.07947080187216018,1.0308830184724973,2.884529574679614
0.0815618399140842,1.0308830184724973,2.798262937339464
0.08207479739810136,1.0308830184724973,3.001805463990338
0.07952351873399366,1.0308830184724973,3.1153335912627966
0.07952351873399366,1.0308830184724973,3.1153067215345147
0.2287460529101746,0.6698540810641531,2.837865324076146
0.18750557203833618,0.7146524746161284,2.7044060824798586
0.18750557203833618,0.7146524746161284,2.7044060824798586
0.2055127726245102,0.6792637040481896,2.7206641572364116
0.2055127726245102,0.6792637040481896,2.720691026964694
0.19870792923201777,0.6792637040481896,2.8636107237465818
0.19870792923201777,0.6792637040481896,2.8636107237465818
0.2055127726245102,0.6792637040481896,2.720691026964694
0.2055127726245102,0.6792637040481896,2.720691026964694
0.2055127726245102,0.6792637040481896,2.720691026964694
0.2055127726245102,0.6792637040481896,2.720691026964694
0.2055127726245102,0.6792637040481896,2.720691026964694
0.2055127726245102,0.6792637040481896,2.720691026964694
0.2055127726245102,0.6792637040481896,2.720691026964694
0.20833711770534824,0.6792637040481896,2.6232397007702914
0.19034417155078692,0.7146524746161284,2.6069816260137384
0.19034417155078692,0.7146524746161284,2.6069816260137384
0.18315274585619956,0.7146524746161284,2.7532492605782783
0.18315274585619956,0.7146524746161284,2.7532492605782783
0.16146856099497292,0.7830216003453776,2.8922453866728834
0.15860678299736808,0.7830216003453776,2.989696712867286
0.15860678299736808,0.7830216003453776,2.989696712867286
0.16531189347667685,0.7830216003453776,3.0762568256640437
0.16531189347667685,0.7830216003453776,3.0762568256640437
0.16531189347667685,0.7830216003453776,3.0762568256640437
0.1909976383780767,0.7736119773613411,3.082377203263716
0.1909976383780767,0.7736119773613411,3.082377203263716
0.1909976383780767,0.7736119773613411,3.082377203263716
0.1909976383780767,0.7736119773613411,3.082377203263716
0.1909976383780767,0.7736119773613411,3.082377203263716
0.18338191843761623,0.7736119773613411,3.242046793720703
0.1809032637693326,0.7736119773613411,3.355574920993162
0.1800905543025514,0.7736119773613411,3.3911922048587737
0.15682278531616747,0.7830216003453776,3.271543699986643
0.1596860065569328,0.7830216003453776,3.1740923737922406
0.15908413567262256,0.7830216003453776,3.2596062707908726
0.15908413567262256,0.7830216003453776,3.2596062707908726
0.1819717688430266,0.7736119773613411,3.3631779745849473
0.20368484262151157,0.7052428516320919,3.2241023862869924
0.22209279334680346,0.6698540810641531,3.2346446642992217
0.23065546842200102,0.6698540810641531,2.9941445384351284
0.2049725522771952,0.6792637040481896,2.9904714988678527
0.2049725522771952,0.6792637040481896,2.9904714988678527
0.2049725522771952,0.6792637040481896,2.9904714988678527
0.2049725522771952,0.6792637040481896,2.9904714988678527
0.2049725522771952,0.6792637040481896,2.9904714988678527
0.2049725522771952,0.6792637040481896,2.9904714988678527
0.2049725522771952,0.6792637040481896,2.9904714988678527
0.20556794299971617,0.6792637040481896,2.6414642078322816
0.2049725522771952,0.6792637040481896,2.9904714988678527
0.2049725522771952,0.6792637040481896,2.9904462821423143
0.20556794299971617,0.6792637040481896,2.6414389911067433
0.23682720914819547,0.6128735863274878,2.2376517794840707
0.23682720914819547,0.6128735863274878,2.2376517794840707
0.23682720914819547,0.6128735863274878,2.2376517794840707
0.23682720914819547,0.6128735863274878,2.2376517794840707
0.2362369708037566,0.6128735863274878,2.5866590536522662
0.2362369708037566,0.6128735863274878,2.5866590536522662
0.2362369708037566,0.6128735863274878,2.5866590536522662
0.23903732437246084,0.6128735863274878,2.4892077274578637
0.23544875317340497,0.6128735863274878,2.370811068551771
0.23544875317340497,0.6128735863274878,2.370811068551771
0.20417745518778002,0.6792637040481896,2.7745982801744447
0.20417745518778002,0.6792637040481896,2.7745982801744447
0.20417745518778002,0.6792637040481896,2.7745982801744447
0.20417745518778002,0.6792637040481896,2.7745982801744447
0.20417745518778002,0.6792637040481896,2.7745982801744447
0.20417745518778002,0.6792637040481896,2.7745982801744447
0.20417745518778002,0.6792637040481896,2.7745982801744447
0.20417745518778002,0.6792637040481896,2.7745982801744447
0.2065586235913986,0.6792637040481896,2.6945994244235814
0.2065586235913986,0.6792637040481896,2.6945994244235814
0.20417745518778002,0.6792637040481896,2.7745982801744447
0.20417745518778002,0.6792637040481896,2.7745982801744447
0.20417745518778002,0.6792637040481896,2.7745982801744447
-0.8766602612025595,-0.6933650487481324,3.3679628103041215
-0.8354186642226776,-0.8239048977647655,2.9537822089878283
-0.8354186642226776,-0.8239048977647655,2.9537822089878283
-1.0072666423951495,-0.35199550221715015,3.274867365616754
-1.1025393761600315,-0.35199550221715015,3.249564295986786
-1.057551812692847,-0.2502632886456922,3.4726863027960815
-1.057551812692847,-0.2502632886456922,3.4726863027960815
-1.057551812692847,-0.2502632886456922,3.4726863027960815
-1.057551812692847,-0.2502632886456922,3.4726863027960815
-1.057551812692847,-0.2502632886456922,3.4726863027960815
-1.0786499157499365,-0.2502632886456922,3.6625702701795233
-1.0786499157499365,-0.2502632886456922,3.6625702701795233
-1.0786499157499365,-0.2502632886456922,3.6625702701795233
-1.057551812692847,-0.2502632886456922,3.4726863027960815
-1.057551812692847,-0.2502632886456922,3.4726863027960815
-1.0988209034549317,-0.2502632886456922,3.436396601028424
-1.0988209034549317,-0.2502632886456922,3.436396601028424
-1.1010433391649754,-0.2502632886456922,3.3855872605025663
-1.1010433391649754,-0.2502632886456922,3.3855872605025663
-1.1010433391649754,-0.2502632886456922,3.3855872605025663
-1.1010433391649754,-0.2502632886456922,3.3855872605025663
-1.1010433391649754,-0.2502632886456922,3.3855872605025663
-1.1010433391649754,-0.2502632886456922,3.3855872605025663
-1.1010433391649754,-0.2502632886456922,3.3855872605025663
-1.1053242052431418,-0.2502632886456922,3.1955714745839563
-1.1080317053577255,-0.2502632886456922,3.270672128988662
-1.1080317053577255,-0.2502632886456922,3.270672128988662
-1.1080317053577255,-0.2502632886456922,3.270672128988662
-1.1080317053577255,-0.2502632886456922,3.270672128988662
-1.1053242052431418,-0.2502632886456922,3.1955714745839563
-1.1053242052431418,-0.2502632886456922,3.195487879873746
-1.1080317053577255,-0.2502632886456922,3.2705885342784518
-1.1080317053577255,-0.2502632886456922,3.2705885342784518
-1.1080317053577255,-0.2502632886456922,3.2705885342784518
-1.1080317053577255,-0.2502632886456922,3.2705885342784518
-1.1080317053577255,-0.2502632886456922,3.2705885342784518
-1.076758439750592,-0.2502632886456922,2.764733547746244
-0.9453840367102724,-0.3631694295106934,3.8287108940938426
-0.9453840367102724,-0.3631694295106934,3.8287108940938426
-1.075574460791646,-0.2502632886456922,3.6067795890164214
-1.075574460791646,-0.2502632886456922,3.6067795890164214
-1.076758439750592,-0.2502632886456922,2.7647509211424337
-1.076758439750592,-0.2502632886456922,2.764733547746244
-0.9499965985531497,-0.2502632886456922,2.479960762636897
-0.9556421328231155,-0.2502632886456922,2.2757245314568015
-0.9458786938710181,-0.2502632886456922,2.5567385907341684
-0.9458786938710181,-0.2502632886456922,2.5567385907341684
-0.9458786938710181,-0.2502632886456922,2.5567385907341684
-0.9624312592975928,-0.2502632886456922,3.1423150996384503
-0.9624312592975928,-0.2502632886456922,3.1423150996384503
-0.9624312592975928,-0.2502632886456922,3.1423150996384503
-1.104852105972991,-0.2502632886456922,3.4478833508331306
-1.0191808937100577,-0.35199550221715015,2.927192411660443
-1.0191808937100577,-0.35199550221715015,2.9272049609873996
-1.0191808937100577,-0.35199550221715015,2.9272049609873996
-1.0191808937100577,-0.35199550221715015,2.927192411660443
-1.0249829236467003,-0.35199550221715015,1.996261444172686
-1.0280131329319169,-0.35199550221715015,1.570070867080998
-1.0074873960581316,-0.35199550221715015,1.9115042513486822
-1.0074873960581316,-0.35199550221715015,1.9115042513486822
-1.0074873960581316,-0.35199550221715015,1.9115042513486822
-0.9574228447207211,-0.35199550221715015,1.8104315672238247
-0.9510111984948081,-0.2502632886456922,2.126626956194065
-0.9510111984948081,-0.2502632886456922,2.126626956194065
-0.9514128578771175,-0.2502632886456922,2.3745495197990705
-0.9514128578771175,-0.2502632886456922,2.3745495197990705
-0.9514128578771175,-0.2502632886456922,2.3745495197990705
-1.0931467448622876,-0.2502632886456922,2.6801177709937507
-1.0931467448622876,-0.2502632886456922,2.6801177709937507
-1.0931467448622876,-0.2502632886456922,2.6801177709937507
-1.0616560306190088,-0.2502632886456922,2.4447444500083964
-1.0568471203549896,-0.2502632886456922,2.2453652975143488
-1.0568471203549896,-0.2502632886456922,2.2453652975143488
-1.0568471203549896,-0.2502632886456922,2.2453652975143488
-1.0616560306190088,-0.2502632886456922,2.4447444500083964
-1.0544800716802885,-0.2502632886456922,2.427033234033252
-1.0544800716802885,-0.2502632886456922,2.427022995536663
-1.0616560306190088,-0.2502632886456922,2.4447342283791818
-1.0616560306190088,-0.2502632886456922,2.4447342283791818
-1.0616560306190088,-0.2502632886456922,2.4447342283791818
-1.0616560306190088,-0.2502632886456922,2.4447342283791818
-1.0616560306190088,-0.2502632886456922,2.4447342283791818
-1.05448467562597,-0.2502632886456922,2.713676560421494
-1.086540833296194,-0.2502632886456922,2.6906692754600723
-1.086540833296194,-0.2502632886456922,2.6906692754600723
-1.086540833296194,-0.2502632886456922,2.6906692754600723
-1.086369106603366,-0.2502632886456922,2.7095499234072897
-1.086369106603366,-0.2502632886456922,2.7095499234072897
-1.086369106603366,-0.2502632886456922,2.7095499234072897
-1.086369106603366,-0.2502632886456922,2.7095588462486333
-1.086369106603366,-0.2502632886456922,2.7095588462486333
-1.0938561277404155,-0.2502632886456922,2.395308974038904
-1.0739775892077934,-0.2502632886456922,2.2077674633504727
-1.0739775892077934,-0.2502632886456922,2.207760007970748
-1.0739775892077934,-0.2502632886456922,2.207760007970748
-1.0667612771903123,-0.2502632886456922,2.5289631012852656
-1.0667612771903123,-0.2502632886456922,2.5289631012852656
-1.0667612771903123,-0.2502632886456922,2.5289631012852656
-1.0669077663710782,-0.2502632886456922,2.580281026900361
-1.0669077663710782,-0.2502632886456922,2.580281026900361
